<?xml version="1.0" encoding="UTF-8"?> 
<!DOCTYPE beans PUBLIC 
"-//SPRING//DTD BEAN//EN" 
"http://www.springframework.org/dtd/spring-beans.dtd"> 
  <beans> 
   <bean id="p1" class="com.java.spr.Product">
   <property name="product" value="fridge"/>
   <property name="price" value="10000"/>
   <property name="quantityavail" value="200"/>
  	</bean>
  	
  <bean id="p2" class="com.java.spr.Product">
   <property name="product" value="Coolar"/>
   <property name="price" value="5000"/>
   <property name="quantityavail" value="100"/>
  </bean>
  <bean id="p3" class="com.java.spr.Product">
   <property name="product" value="Mixer"/>
   <property name="price" value="3000"/>
   <property name="quantityavail" value="16"/>
  </bean>
  <bean id="p4" class="com.java.spr.Product">
   <property name="product" value="Bed"/>
   <property name="price" value="2000"/>
   <property name="quantityavail" value="130"/>
  </bean>
  <bean id="p5" class="com.java.spr.Product">
   <property name="product" value="Table"/>
   <property name="price" value="200"/>
   <property name="quantityavail" value="188"/>
  </bean>
  <bean id="p6" class="com.java.spr.Product">
   <property name="product" value="Mobile"/>
   <property name="price" value="25000"/>
   <property name="quantityavail" value="10"/>
  </bean>
  
  
  
  	 <bean id="b1" class="com.java.spr.Order">
   		<property name="orderid" value="001"/>
   		<property name="qtyord" value="201"/>
   		<property name="objproduct" ref="p1"/>
   </bean>
   <bean id="b2" class="com.java.spr.Order">
   		<property name="orderid" value="002"/>
   		<property name="qtyord" value="17"/>
   		<property name="objproduct" ref="p2"/>
   </bean>
   <bean id="b3" class="com.java.spr.Order">
   		<property name="orderid" value="003"/>
   		<property name="qtyord" value="3"/>
   		<property name="objproduct" ref="p3"/>
   </bean>
   
   <bean id="b4" class="com.java.spr.Order">
   		<property name="orderid" value="004"/>
   		<property name="qtyord" value="5"/>
   		<property name="objproduct" ref="p4"/>
   </bean>
   <bean id="b5" class="com.java.spr.Order">
   		<property name="orderid" value="005"/>
   		<property name="qtyord" value="7"/>
   		<property name="objproduct" ref="p5"/>
   </bean>
   <bean id="b6" class="com.java.spr.Order">
   		<property name="orderid" value="006"/>
   		<property name="qtyord" value="21"/>
   		<property name="objproduct" ref="p6"/>
   </bean>
   
   <bean id="orderlogic" class="com.java.spr.OrderLogic">
   	<property name="items">
   	<list>
   		<ref bean="b1"/>
   		<ref bean="b2" />
   		<ref bean="b3"/>
   		<ref bean="b4"/>
   		<ref bean="b5" />
   		<ref bean="b6"/>
   	</list>
   	</property>
   </bean>
</beans> 


  