<?xml version="1.0" encoding="UTF-8"?>
<!DOCTYPE beans PUBLIC 
"-//SPRING//DTD BEAN//EN" 
"http://www.springframework.org/dtd/spring-beans.dtd">
  
  <beans> 
   <bean id="studentone" 
         class="com.java.spr.Student"> 
   <property name="sno" value="1"/> 
    <property name="name" value="Gauree"/> 
     <property name="lunchbox" > 
     <bean class="com.java.spr.LunchBox">
     <property name="snacks" value="Meggie"/>
    </bean> 
</property>
</bean> 



<bean id="studenttwo" 
         class="com.java.spr.Student"> 
   <property name="sno" value="2"/> 
    <property name="name" value="kajal"/> 
     <property name="lunchbox" > 
     <bean class="com.java.spr.LunchBox">
     <property name="snacks" value="pasta"/>
    </bean> 
</property>
</bean> 

<bean id="studentthree" 
         class="com.java.spr.Student"> 
   <property name="sno" value="3"/> 
    <property name="name" value="suhana"/> 
     <property name="lunchbox" > 
     <bean class="com.java.spr.LunchBox">
     <property name="snacks" value="idali"/>
    </bean> 
</property>
</bean> 

<bean id="studentfour" 
         class="com.java.spr.Student"> 
   <property name="sno" value="4"/> 
    <property name="name" value="sayali"/> 
     <property name="lunchbox" > 
     <bean class="com.java.spr.LunchBox">
     <property name="snacks" value="dosa"/>
    </bean> 
</property>
</bean> 
<bean id="studentfive" 
         class="com.java.spr.Student"> 
   <property name="sno" value="5"/> 
    <property name="name" value="hari"/> 
     <property name="lunchbox" > 
     <bean class="com.java.spr.LunchBox">
     <property name="snacks" value="pohe"/>
    </bean> 
</property>
</bean> 
<bean id="studentsix" 
         class="com.java.spr.Student"> 
   <property name="sno" value="6"/> 
    <property name="name" value="pinki"/> 
     <property name="lunchbox" > 
     <bean class="com.java.spr.LunchBox">
     <property name="snacks" value="masala dosa"/>
    </bean> 
</property>
</bean> 






<bean id="faculty" 
         class="com.java.spr.Faculty"> 
   
    <property name="fname" value="shriya"/> 
     <property name="students" > 
     <list>
     <ref bean="studentone"/>
     <ref bean="studenttwo"/>
     <ref bean="studentthree"/>
     <ref bean="studentfour"/>
     <ref bean="studentfive"/>
     <ref bean="studentsix"/>
     </list>
</property>
</bean> 

</beans>